{"noiseKey":{"private":{"type":"Buffer","data":"cMLB6c0XvV/qErjtb1fU2WNEdWTFaNtXGhPZUmh940Q="},"public":{"type":"Buffer","data":"kIgs5yifLoI1ua/jYKxn0prLv5zYcLhWxxSzmITurkI="}},"pairingEphemeralKeyPair":{"private":{"type":"Buffer","data":"wENbrBXn+5MOkdYznv43+2HPM0OyhTkPkyj6dPYLUmg="},"public":{"type":"Buffer","data":"bRoHQYGK80JaeCPveFVPf8JDayvHYfzH5O10dxsO/UI="}},"signedIdentityKey":{"private":{"type":"Buffer","data":"oPcvI9xHZ2olUCmWL2et2pP1RBUG4eD+j4UC2nW582Q="},"public":{"type":"Buffer","data":"ml1FQkYYT+LTOXp3OpyHw1xUxtoUnWvagQB/LtgD8T0="}},"signedPreKey":{"keyPair":{"private":{"type":"Buffer","data":"gMG+/jqBKPDDxehxPKODnhiqy5E6OkgklllCjk+IB0s="},"public":{"type":"Buffer","data":"Xz+0JD4/nmvYif/NImKjVCkpa4ST6xA62Ab7TS4C7zQ="}},"signature":{"type":"Buffer","data":"Gj1rnmUjXhldiAUrc+cKKMQES2KgYBrGaJPNdqIuB/cdEMBfZ+be1Zv/tPqdm3R2GhTyWD6MxqTIJPYPa1icBg=="},"keyId":1},"registrationId":248,"advSecretKey":"E9S6GMaGKHaI0Y4O+euDRiLxp+ErQjfbDmCI5dyLhpA=","processedHistoryMessages":[{"key":{"remoteJid":"6289629613153@s.whatsapp.net","fromMe":true,"id":"2C0CBD8C1B937EC45F8D1CE1DDEA3C21"},"messageTimestamp":1742998277},{"key":{"remoteJid":"6289629613153@s.whatsapp.net","fromMe":true,"id":"D6D5BFF4E8DC820F07C668982D3AF606"},"messageTimestamp":1742998277},{"key":{"remoteJid":"6289629613153@s.whatsapp.net","fromMe":true,"id":"30A5195519888613D44EBA5265516E7A"},"messageTimestamp":1742998289},{"key":{"remoteJid":"6289629613153@s.whatsapp.net","fromMe":true,"id":"B0E053A2A4DB0DE5565803F853B888CC"},"messageTimestamp":1742998293},{"key":{"remoteJid":"6289629613153@s.whatsapp.net","fromMe":true,"id":"1AFEF3158FEB8516032D8EB8B1F1BF1D"},"messageTimestamp":1742998298},{"key":{"remoteJid":"6289629613153@s.whatsapp.net","fromMe":true,"id":"17DF72A42FF902671891695AE5844C32"},"messageTimestamp":1742998299}],"nextPreKeyId":70,"firstUnuploadedPreKeyId":70,"accountSyncCounter":1,"accountSettings":{"unarchiveChats":false},"deviceId":"HsbqbkujQ6SnbDUfRfjDNQ","phoneId":"8ee05955-3850-4e3d-b5f2-3bf6f508cf09","identityId":{"type":"Buffer","data":"p4W97MY/WayBUlE8i1KKgdkUtkQ="},"registered":true,"backupToken":{"type":"Buffer","data":"B1F+1PlHYvEBvpERB/CXc+4AfBw="},"registration":{},"pairingCode":"RIZZCODE","me":{"id":"6289629613153:13@s.whatsapp.net","lid":"205416004886559:13@lid","name":"yeah?"},"account":{"details":"CIaDnJUFEP+VkL8GGAIgACgA","accountSignatureKey":"wjgmNBCy7AaEpq8eQFIN2kMtsqzswFGtbNSGY58QV2k=","accountSignature":"ynCzwQgeBrUhWQJn8FWW/ih8Zrgu3V7Z5C+R+uab/LfYtfxOImLIYs3c/kjZsmbzTQDFou9Vtpxm+WAue9jrAA==","deviceSignature":"FOCUGlIFdFNEoJRW47soCDDh5Einypv+lP7kD4N0bF+bYpdghV85jxOmx82fOk7tagC+OLLNHI3KUEKu3X7TAQ=="},"signalIdentities":[{"identifier":{"name":"6289629613153:13@s.whatsapp.net","deviceId":0},"identifierKey":{"type":"Buffer","data":"BcI4JjQQsuwGhKavHkBSDdpDLbKs7MBRrWzUhmOfEFdp"}}],"platform":"android","routingInfo":{"type":"Buffer","data":"CAgIAg=="},"lastAccountSyncTimestamp":1743004801,"myAppStateKeyId":"AAAAAA0V","lastPropHash":"3R9Z39"}