{"noiseKey":{"private":{"type":"Buffer","data":"gA1U3+XkFL0YCDqeZJ7GWAuk+2PhXbwDrF7Ucnpo3mk="},"public":{"type":"Buffer","data":"DYmcpXWe1O8HEkC1V2NNmJGKxxhrpgMOWTaAbNXvHB4="}},"pairingEphemeralKeyPair":{"private":{"type":"Buffer","data":"iLtFi8mmn0Wtqzclh2OYbhtLlpMIAxc5U9JlR/h6zW0="},"public":{"type":"Buffer","data":"dfMZz3/0Ic1B0M0R8Qi3wGeBnTlVItLnyRMm6bZmARk="}},"signedIdentityKey":{"private":{"type":"Buffer","data":"wN+SPsInqHWcBNtCSWmH252dohX0houYNCjov1XUxFA="},"public":{"type":"Buffer","data":"eImjAMQydRe1u7K/1GgDBKiACZLuRheaN3QvfybVhjo="}},"signedPreKey":{"keyPair":{"private":{"type":"Buffer","data":"eKjz59Xn2+BXVBjIdqtnI4JPC7kiCH7id46fmmsAHHA="},"public":{"type":"Buffer","data":"m2Vlqbc+KqZ/5cdoqHBewY2AsIpBRAjG/GBhEXYrlXc="}},"signature":{"type":"Buffer","data":"iayyTMuoYwbFqmKcleBRAjaAocIDHV+Wks6vgIUjMSRtwZS5qfMuSDTT+0eGl5D0moFgo8j/w5wr6gQl4CZviQ=="},"keyId":1},"registrationId":138,"advSecretKey":"qhnce3yYCeszDQybiEke522+pV8kSFfctRxrJG2cMxg=","processedHistoryMessages":[],"nextPreKeyId":1,"firstUnuploadedPreKeyId":1,"accountSyncCounter":0,"accountSettings":{"unarchiveChats":false},"deviceId":"1x8mc5RySwiGFcoJU3ERzg","phoneId":"b2df49ee-747a-4ff7-9892-10dd201a776e","identityId":{"type":"Buffer","data":"ROs8u5XapkAf8/BNEI2yWag82XA="},"registered":false,"backupToken":{"type":"Buffer","data":"DiT1Cw6nyP41bg3nUb5hlPgG7Co="},"registration":{},"pairingCode":"FIZZBAIL","me":{"id":"6287794585528@s.whatsapp.net","name":"~"}}