{"noiseKey":{"private":{"type":"Buffer","data":"GEtuP0cc4cbTJx5wVqsXcc63Ltywrg142i4c+xkCPW4="},"public":{"type":"Buffer","data":"MwTnZverTZ0R18I4cW+EaXnwFIsjTxV+14gdfu0sRlY="}},"pairingEphemeralKeyPair":{"private":{"type":"Buffer","data":"QJn8npiEFjPsi6A4SbVGaQk7e285/w3BNe+SOCZTFm4="},"public":{"type":"Buffer","data":"xOxuf6R9d28AkC4k17zj9VJSfiIhQtuXN2KgA7acHk4="}},"signedIdentityKey":{"private":{"type":"Buffer","data":"+Djq9Eu1YbDMS9vhTb14sbGnYqHBfU4qeTa7KKDTVkg="},"public":{"type":"Buffer","data":"PNZWtCWF6NdOxtHmrJgr9TXtSCoEH6++DT++Uc4oQiE="}},"signedPreKey":{"keyPair":{"private":{"type":"Buffer","data":"UEbOuPxvCxGb80HVNjmrpK1v6rV06Z8ZiYQlM1p6F0o="},"public":{"type":"Buffer","data":"zfhlAZA6ib7bsCPSXv6OJwVbrku92BYN7aQ+X+1GW10="}},"signature":{"type":"Buffer","data":"n/Ubkj/xa/Gk6PK1gDqiB703qUX5yF3kxIemVrOJuUk5NpuQ5kZZXSSgQh1I1LHF7SzM8yM+lhYJDXkESqB2AQ=="},"keyId":1},"registrationId":63,"advSecretKey":"nH/fOR/oQ9Po3HSY2ECgNtguLmToMygGMWNCNDvaR7o=","processedHistoryMessages":[],"nextPreKeyId":1,"firstUnuploadedPreKeyId":1,"accountSyncCounter":0,"accountSettings":{"unarchiveChats":false},"deviceId":"_Mn1FcYiRpS-cxe1AibgAg","phoneId":"426e59ea-efb5-4243-884a-09dba47c3c5c","identityId":{"type":"Buffer","data":"4SbMlFRa6D4C8TNbDJEsOqSGO90="},"registered":false,"backupToken":{"type":"Buffer","data":"aSANHXN8EZ4fo2FnfZ2+r+D0TsU="},"registration":{},"pairingCode":"FIZZBAIL","me":{"id":"6283168872669@s.whatsapp.net","name":"~"}}